ts,section,horizontal_axis,vertical_axis,duration_adjustment,section_score,monitor_base,monitor_total,monitor_neck_vertical,monitor_adj_too_high,phone_base,phone_total,phone_neck_sidebend
1762225125.3265069,B,4,0,-1,3,2,5,-256.0557556152344,3,0,0,11.908087822554924
1762225134.2436543,B,4,0,-1,3,2,5,-294.17679002740067,3,0,0,-0.6680404011894601
1762225144.366041,B,4,0,-1,3,2,5,-324.75005856853153,3,0,0,6.588769855411782
1762225154.4179022,B,4,0,-1,3,2,5,-297.1419919421469,3,0,0,11.926485366313639
1762225164.506929,B,4,0,-1,3,2,5,-313.94824549493944,3,0,0,11.637357652875608
1762225174.5181572,B,4,0,-1,3,2,5,-306.14317285224774,3,0,0,9.965362897608433
1762225184.6080446,B,4,0,-1,3,2,5,-316.9077292295981,3,0,0,2.9791118122951588
1762225761.9732275,B,4,0,-1,3,2,5,-222.96942138671875,3,0,0,0.3525370306934811
1762225771.2535725,B,4,0,-1,3,2,5,-237.09407699803847,3,0,0,6.879276876605363
1762225781.302635,B,4,0,-1,3,2,5,-196.99447244333277,3,0,0,3.5034727334611286
1762225791.4008474,B,4,0,-1,3,2,5,-185.55212335987454,3,0,0,13.699649383422352
1762225801.4959502,B,5,0,-1,4,2,6,-367.2114997691075,75.0,8.555645176057668,3,1,0,0,1.6788075066271912
1762225811.6213245,B,4,0,-1,3,2,5,-260.32983202820435,3,0,0,4.554697752914474
1762225821.8758807,B,4,0,-1,3,2,5,-296.6496998539975,3,0,0,2.3559000232029588
1762225832.222124,B,4,0,-1,3,2,5,-203.5049435406891,3,0,0,13.127140673760433
1762227452.5074267,B,4,0,-1,3,2,5,-328.2801818847656,49.28387451171875,4.21356201171875,488.44049072265625,705.9924969477427,34.328460693359375,114.35418701171875,975.48583984375,3,0,0,-3.4584882180762353
1762227461.436214,B,4,0,-1,3,2,5,-316.539239698997,29.419296087953967,10.349411103565103,316.46118249453764,609.4955232827099,14.46868662029658,171.45969422220236,781.25496603025,3,0,0,1.5292777205676298
1762227471.4610794,B,4,0,-1,3,2,5,-292.96770010732996,16.121921388664248,7.977058246682702,308.54033233718224,566.9268281390915,9.09232203524573,138.41495426261088,731.5970347682602,3,0,0,-1.109746801722694
1762227481.5497115,B,4,0,-1,3,2,5,-315.9844806766653,150.13421488387002,5.270634640666515,489.4730459209525,526.0445159507657,3.1482786839705454,35.07058694983516,707.1359225305371,3,0,0,0.6078812225436658
1762229173.7372406,B,4,0,-1,3,2,5,-192.11968994140625,83.350830078125,5.29461669921875,203.21395874023438,581.0285091373713,64.48065185546875,97.66574096679688,760.9547729492188,3,0,0,-0.8390748286499071,15.290223924667666
1762229182.7773256,B,4,0,-1,3,2,5,-260.80143522413556,82.27206256561999,7.539812193597413,497.53953022577946,561.2746607740904,14.850206876001721,45.064543979103064,784.7454662268012,76.0,7.385192904922242,3,0,0,2.942080521311911,14.770385809844484
1762229192.7214193,B,5,0,-1,4,2,6,-302.5804670547892,101.12482790126148,8.315201808126858,371.5783234469916,591.721247782497,21.898899697017384,130.31541011138796,744.6106332142085,76.0,7.78580589187496,3,1,0,0,7.8855963091860755,15.57161178374992
1762229202.83004,B,4,0,-1,3,2,5,-240.26585537691653,114.44743993670522,2.6099945582468536,388.65411759271296,540.2040351281208,13.881135858182006,79.90772673094563,682.0569508303663,3,0,0,8.314504733583783,14.215895661266337
1762229212.8427255,B,4,0,-1,3,2,5,-251.22048038012048,71.60526851567835,5.915990547446256,507.87765785018576,583.6030667251051,12.505552256621797,68.53533730600947,814.6315122622423,3,0,0,3.181068723055296,15.357975440134345
1762229222.9203753,B,4,0,-1,3,2,5,-263.029842936321,66.53865359627014,3.4733967225066635,515.3080308287368,568.4554956439442,25.495792377863495,81.68572312441506,797.2800416637454,3,0,0,4.949802414366387,14.959355148524848
1762229232.9680924,B,4,1,-1,3,2,5,-150.6454285502516,82.88992735621821,7.952871040691662,321.65143262476727,325.36104829589175,-0.8396053279906255,-37.26160564763211,490.3865014012922,3,0,2,-20.1799372187666,8.562132849891888,2
1762229242.9980068,B,4,0,-1,3,2,5,-193.44087267308691,67.8317897117845,2.193900046724252,521.7156545511368,536.735950398835,14.584595698002431,49.17057371731994,767.5745760153154,75.0,7.156479338651134,3,0,0,17.374726545499144,14.124630273653553
1762229253.0570555,B,4,1,-1,3,2,5,-103.4790546848078,60.6844581523107,13.429075759418254,474.9489113069146,539.1740305304552,0.8446687032214868,25.996815734064967,731.3405035115998,3,0,2,28.153540043642042,14.188790277117242,2
1762229263.1200256,B,4,0,-1,3,2,5,-281.22666066533327,66.84051189945762,12.353413779006814,643.4611620288769,649.8997415183114,23.367476007506866,-103.37334204628905,962.318079135549,3,0,0,-4.099911849898168,17.10262477679767
1762229273.156023,B,4,0,-1,3,2,5,-285.11859828215427,68.12029702242546,4.093367551659981,547.1204299933052,615.4573630864561,29.78108882153191,-10.399351457305272,892.9806755038171,3,0,0,4.486748679005465,16.196246397012004
1762229283.157116,B,4,0,-1,3,2,5,-264.83368833952653,71.68482037868512,12.737977129650517,608.7869391184813,607.9185616430956,27.9913147212161,-61.22768247323353,901.4355927577589,3,0,0,4.7802410282713,15.997856885344621
1762232776.1452174,B,4,0,-1,3,2,5,-262.73619504492353,169.1447429981847,3.697637714127495,675.1371441262529,719.7468256286658,23.014139139300198,26.85500504633802,156.23706310469942,88.94154583178378,0.037311738086349196,0.21707225032668054,71.42676024501816,155.69955975780016,77.66090584206299,0.09923872909426196,0.21632545530409772,1018.2524165029513,3,0,0,14.241692927772892,18.940705937596466
1762232786.150773,B,5,0,-1,4,2,6,-264.28810488476057,153.23420292558876,9.064248188849206,672.6654229672863,702.6987168112648,36.08263203581396,67.08917228963082,143.40195833128507,87.3445432953632,0.09547359442190365,0.20407317517530185,96.76151677803455,144.68069780032468,84.56988991485757,0.13769986263405026,0.2058929301263886,996.7855801584557,76.0,9.246035747516643,3,1,0,0,11.474544016183115,18.492071495033287
1762232796.2462003,B,4,0,-1,3,2,5,-329.65778520309277,168.74243799044882,16.779577265877606,715.6188559085508,683.1858273025063,28.495008392595196,105.03990448012365,185.4878519332605,88.31140468264144,0.15375012226887616,0.2715042445561868,71.7025987353461,146.3788194734973,85.79262133029391,0.1049532877730455,0.2142591570604736,1017.4736720552603,3,0,0,8.499278229917408,17.978574402697532
1762232806.2916605,B,4,0,-1,3,2,5,-317.2785052120723,89.99244305700705,2.6404509690685813,376.37556024197613,632.111096485972,27.77668115283376,152.3327223110743,164.81118551525387,103.04525634539037,0.24099042582533578,0.2607313594579674,103.38075419368988,120.30242452507312,97.7994363408355,0.16354839326251908,0.19031848229505477,792.3408781890317,3,0,0,9.540214392420928,16.634502539104528
1762240710.5410006,B,4,0,-1,3,2,5,-250.14422607421875,108.4012451171875,0.3101806640625,302.4647521972656,434.87440488455115,10.4715576171875,3,0,0,-11.947951967679343,11.444063286435556
1762241103.1709998,B,4,0,-1,3,2,5,-282.0448303222656,224.99612426757812,1.136627197265625,455.6865234375,496.5670625696369,12.642730712890625,3,0,0,1.4880929327728396,13.06755427814834
1762241200.0906146,B,4,0,-1,3,2,5,-180.25323486328125,108.00750732421875,12.4815673828125,248.4576416015625,523.4480908256752,48.168548583984375,3,0,0,17.83258083457438,13.7749497585704
1762241200.189131,A,4,5,4,-1,3,3,3,177.33870158742513,159.28417095353217,168.31143627047865,8.7840576171875,-102.25146484375,1,1,2,3,239.6603546142578,456.472900390625,14.358433976086435,15.100013423292703,too_low,0.28269166101904397,1,2,2,170.30097679691107
1762241274.2401466,B,4,0,-1,3,2,5,-195.92977905273438,65.85595703125,16.70147705078125,438.0480651855469,568.8135626750387,25.127471923828125,3,0,0,16.028610589444806,14.968777965132597
1762241274.3312192,A,4,5,4,-1,3,3,3,172.9537383120578,142.31510839474834,157.63442335340306,37.0130615234375,-18.44989013671875,1,1,2,3,109.46162033081055,555.6213073730469,15.680024876382722,28.454016531200963,too_low,0.27634185031206915,1,2,2,175.02463928051247
1762243122.0036936,B,4,0,-1,3,2,5,-101.00944519042969,151.06919860839844,6.4113616943359375,145.61508178710938,160.31348101852126,-104.2706298828125,3,0,0,19.256758103525716,4.218775816276875
1762243122.155227,A,4,4,3,-1,2,3,3,87.58184156833912,30.591051009309886,59.086446288824504,16.6719970703125,5.55889892578125,1,1,2,2,139.27157592773438,487.37135314941406,10.690218496319584,32.56245673009612,too_low,0.18256375973392824,2,2,175.3995231987383
1762243122.4454093,C,3,0,-1,2,2,4,4.863386620099763,67.19461822509766,75.65843200683594,5.363304667145666,0.0,38.46594714661558,0.0,2,0,0,99.96097737360607
1762243131.4571552,B,4,1,-1,3,2,5,-117.70863638731606,211.27487403506126,2.983645118826246,94.34154739824925,274.54035705704973,-72.1810263093123,3,0,2,-26.371689587076215,7.224746238343414,2
1762243132.2794194,A,4,4,3,-1,2,3,3,85.98283186947184,85.74191938200758,85.8623756257397,46.86486066901216,-39.57405032077486,1,1,2,2,189.5036102654492,599.7058094487988,15.2126656091071,26.964518232608825,too_low,0.1948565741541899,2,2,172.69860242492837
1762243132.4384732,C,3,0,-1,2,2,4,2.034889559533526,438.3575891102641,38.75515635952099,26.727565051178228,0.0,109.80139177921036,1.0,2,0,0,-151.32608943493764
1762243141.6595397,B,4,5,-1,6,2,5,-204.24785001053647,103.43854812508687,18.46290920863055,69.48370556594568,112.52361237622783,64.17083758399193,3,2,6,-31.32322461030544,2.9611476941112587,83.5,372.5,677.3675950992882,228.7517088209912,2,2
1762243142.5737045,A,4,4,3,-1,2,3,3,77.55272672589662,86.89463288702734,82.22367980646197,-13.85702633912615,-13.643024740194505,1,1,1,2,665.1722866110172,691.5911111909711,15.584133463915647,1.6952385989972123,neutral,0.45044741973325886,1,2,2,149.08013583736042
1762243142.7427638,C,3,0,-1,2,2,4,8.21376487825792,362.87348050396395,223.785619256737,2.689935600431732,0.0,82.31321449060161,2.0,2,0,0,156.1957634124343
1762243151.6790206,B,4,1,-1,3,2,5,-212.33966246064634,104.81804310632313,22.284679807442643,71.0442691427495,284.10812050731704,107.9421682251562,3,0,2,-42.55131924479482,7.476529487034659,2
1762243152.693826,A,4,4,3,-1,2,3,3,34.222451773341696,26.233674091235383,30.228062932288537,56.70699782293116,9.312929922020658,1,1,2,2,293.5456586161525,523.3035276270825,11.57433012763139,19.850640726276612,too_low,-0.08849634774880288,2,2,166.0410306365438
1762243152.8624835,C,1,0,-1,1,2,2,17.71392766666839,338.7928818181931,33.25488067988719,1.825790632626456,0.0,147.00417954560845,2.0,0,0,152.71482427459657
1762243161.7651606,B,4,1,-1,3,2,5,-219.81575415030005,84.52098138953622,33.289752751695886,22.45060589906649,301.50272720822517,109.71518419252848,3,0,2,-41.46896078453825,7.934282294953294,2
1762243163.064807,A,3,4,3,-1,2,2,2,9.417878767317442,20.552280968818753,14.985079868068098,57.55289703861695,22.08613569451188,1,1,2,2,231.16890428370897,534.7622604521928,10.923296141254577,27.793200169854142,too_low,-0.1472026492073788,2,2,167.18573509669068
1762243163.2307756,C,1,0,-1,1,2,2,18.032856188148305,190.61813371347398,36.07081730987273,3.1542496757066285,0.0,155.29705180402834,2.0,0,0,161.2543108807629
1762243172.0224574,B,4,1,-1,3,2,5,-205.13253915773657,259.8832280874718,59.77359716802118,109.9978663983743,275.3733841195725,132.5246841355147,3,0,2,-47.98437045763028,7.246668003146645,554.5,392.0,213.99505817354762,29.53013137632727,2
1762243173.3427062,A,3,4,3,-1,2,2,2,17.331099483940903,20.47670227503239,18.90390087948665,76.50100107382605,36.52484413186289,1,1,2,2,257.6744516287389,553.8820609966265,10.312255261617997,28.72384380072187,too_low,-0.30910464043351993,2,2,165.25973018596864
1762243173.51659,C,3,0,-1,2,2,4,17.295835481821214,99.60796197743136,51.725168612123504,4.014611951237131,0.0,161.15545905529467,2.0,2,0,0,157.50566057729222
1762243182.0544977,B,4,1,-1,3,2,5,-229.3591336407502,254.00027927679042,64.04173724637695,155.4460146310484,281.6067960502213,121.26562446359887,3,0,2,-43.7218249901203,7.41070515921635,557.0,390.0,217.09069915799648,29.294202709982443,2
1762243183.5738811,A,3,4,3,-1,2,2,2,36.838821335538775,33.49691384018276,35.16786758786077,77.60659604445891,25.649934428746974,1,1,2,2,247.8176462401717,546.9985455754661,11.02026194732962,27.148256617238626,too_low,-0.2650885726749497,2,2,165.3189504191446
1762243183.7626271,C,3,0,-1,2,2,4,19.136474165259155,171.9398190158053,122.70496750722364,4.733597511730224,0.0,147.95686505125818,2.0,2,0,0,175.03506921593436
1762243192.4770753,B,4,1,-1,3,2,5,-239.4857110366995,284.44889820592965,66.105751527049,189.25164540957087,308.75437348516834,125.65055718271577,3,0,2,-39.154295516294304,8.125115091714957,564.5,400.5,198.22373223268085,24.396421465439456,2
1762243193.9351275,A,4,4,3,-1,2,3,3,8.560626558541022,40.930184527333914,24.74540554293747,49.94346908869147,17.77047052051273,1,1,2,2,297.4127800194146,594.8349912742341,9.640608382308642,30.850979467293293,too_low,-0.06988548125405147,2,2,169.90001828665208
1762243194.118489,C,3,0,-1,2,2,4,18.531400585643695,116.54274597693777,97.0974910135223,4.870150936058478,0.0,176.1445864668608,2.0,2,0,0,179.12495834761583
1762243202.8636343,B,4,1,-1,3,2,5,-221.6154770921096,244.96294107300864,48.160491583805225,78.67955070097014,318.1562442119515,144.30286207634143,521.0,0.6106645762225557,3,0,2,-39.220774758951094,8.372532742419777,565.0,387.0,190.56664315449444,22.76093137133771,2
1762243203.9536412,A,4,4,3,-1,2,3,3,58.08001437775081,40.806260008948925,49.44313719334987,62.41193665958383,13.04822509654241,1,1,2,2,234.09606334674186,552.1239587469202,9.372120359012387,33.93339854991911,too_low,-0.2527330851293137,2,2,167.44059438319943
1762243204.1391501,C,1,0,-1,1,2,2,14.15278071412375,252.61500652577308,52.398725993355974,0.14783025462285593,0.0,172.49946040039927,0.0,0,0,-174.9445408951873
